{
  "data": [{
      "value": 0.5,
      "code": "nj",
      "units": 1
    },
    {
      "value": 34.99,
      "code": "ri",
      "units": 1
    },
    {
      "value": 0.5,
      "code": "ma",
      "units": 1
    },
    {
      "value": 0.5,
      "code": "ct",
      "units": 1
    },
    {
      "value":34.99,
      "code": "md",
      "units": 1
    },
    {
      "value": 34.99,
      "code": "ny",
      "units": 1
    },
    {
      "value": 0.5,
      "code": "de",
      "units": 1
    },
    {
      "value": 34.99,
      "code": "fl",
      "units": 1
    },
    {
      "value": 24.67,
      "code": "oh",
      "units": 1
    },
    {
      "value": 39.21,
      "code": "pa",
      "units": 1
    },
    {
      "value": 0.5,
      "code": "il",
      "units": 1
    },
    {
      "value": 0.5,
      "code": "ca",
      "units": 1
    },
    {
      "value": 0.5,
      "code": "hi",
      "units": 1
    },
    {
      "value": 69.98,
      "code": "va",
      "units": 1
    },
    {
      "value": 34.99,
      "code": "mi",
      "units": 1
    },
    {
      "value": 34.99,
      "code": "in",
      "units": 1
    },
    {
      "value": 0.5,
      "code": "nc",
      "units": 1
    },
    {
      "value": 0.5,
      "code": "ga",
      "units": 1
    },
    {
      "value": 0.5,
      "code": "tn",
      "units": 1
    },
    {
      "value": 0.5,
      "code": "nh",
      "units": 1
    },
    {
      "value": 89.99,
      "code": "sc",
      "units": 1
    },
    {
      "value": 34.99,
      "code": "la",
      "units": 1
    },
    {
      "value": 0.5,
      "code": "ky",
      "units": 1
    },
    {
      "value": 0.5,
      "code": "wi",
      "units": 1
    },
    {
      "value": 0.5,
      "code": "wa",
      "units": 1
    },
    {
      "value": 0.5,
      "code": "al",
      "units": 1
    },
    {
      "value": 34.99,
      "code": "mo",
      "units": 1
    },
    {
      "value": 0.5,
      "code": "tx",
      "units": 1
    },
    {
      "value": 0.5,
      "code": "wv",
      "units": 1
    },
    {
      "value": 0.5,
      "code": "vt",
      "units": 1
    },
    {
      "value": 0.5,
      "code": "mn",
      "units": 1
    },
    {
      "value": 0.5,
      "code": "ms",
      "units": 1
    },
    {
      "value": 0.5,
      "code": "ia",
      "units": 1
    },
    {
      "value": 0.5,
      "code": "ar",
      "units": 1
    },
    {
      "value": 0.5,
      "code": "ok",
      "units": 1
    },
    {
      "value": 0.5,
      "code": "az",
      "units": 1
    },
    {
      "value": 0.5,
      "code": "co",
      "units": 1
    },
    {
      "value": 0.5,
      "code": "me",
      "units": 1
    },
    {
      "value": 0.5,
      "code": "or",
      "units": 1
    },
    {
      "value": 34.99,
      "code": "ks",
      "units": 1
    },
    {
      "value": 0.5,
      "code": "ut",
      "units": 1
    },
    {
      "value": 0.5,
      "code": "ne",
      "units": 1
    },
    {
      "value": 0.5,
      "code": "nv",
      "units": 1
    },
    {
      "value": 0.5,
      "code": "id",
      "units": 1
    },
    {
      "value": 0.5,
      "code": "nm",
      "units": 1
    },
    {
      "value": 0.5,
      "code": "sd",
      "units": 1
    },
    {
      "value": 0.5,
      "code": "nd",
      "units": 1
    },
    {
      "value": 0.5,
      "code": "mt",
      "units": 1
    },
    {
      "value": 0.5,
      "code": "wy",
      "units": 1
    },
    {
      "value": 0.5,
      "code": "ak",
      "units": 304
    }
  ]
}
