{
  "data": [{
      "value": 438,
      "code": "nj",
      "units": 300
    },
    {
      "value": 387.35,
      "code": "ri",
      "units": 300
    },
    {
      "value": 312.68,
      "code": "ma",
      "units": 300
    },
    {
      "value": 271.4,
      "code": "ct",
      "units": 300
    },
    {
      "value": 209.23,
      "code": "md",
      "units": 300
    },
    {
      "value": 195.18,
      "code": "ny",
      "units": 300
    },
    {
      "value": 154.87,
      "code": "de",
      "units": 300
    },
    {
      "value": 114.43,
      "code": "fl",
      "units": 300
    },
    {
      "value": 107.05,
      "code": "oh",
      "units": 300
    },
    {
      "value": 105.8,
      "code": "pa",
      "units": 300
    },
    {
      "value": 86.27,
      "code": "il",
      "units": 300
    },
    {
      "value": 83.85,
      "code": "ca",
      "units": 300
    },
    {
      "value": 72.83,
      "code": "hi",
      "units": 300
    },
    {
      "value": 69.03,
      "code": "va",
      "units": 300
    },
    {
      "value": 67.55,
      "code": "mi",
      "units": 300
    },
    {
      "value": 65.46,
      "code": "in",
      "units": 300
    },
    {
      "value": 63.8,
      "code": "nc",
      "units": 300
    },
    {
      "value": 54.59,
      "code": "ga",
      "units": 300
    },
    {
      "value": 53.29,
      "code": "tn",
      "units": 300
    },
    {
      "value": 53.2,
      "code": "nh",
      "units": 300
    },
    {
      "value": 51.45,
      "code": "sc",
      "units": 300
    },
    {
      "value": 39.61,
      "code": "la",
      "units": 300
    },
    {
      "value": 39.28,
      "code": "ky",
      "units": 300
    },
    {
      "value": 38.13,
      "code": "wi",
      "units": 300
    },
    {
      "value": 34.2,
      "code": "wa",
      "units": 300
    },
    {
      "value": 33.84,
      "code": "al",
      "units": 300
    },
    {
      "value": 31.36,
      "code": "mo",
      "units": 300
    },
    {
      "value": 30.75,
      "code": "tx",
      "units": 300
    },
    {
      "value": 29,
      "code": "wv",
      "units": 300
    },
    {
      "value": 25.41,
      "code": "vt",
      "units": 300
    },
    {
      "value": 23.86,
      "code": "mn",
      "units": 300
    },
    {
      "value": 23.42,
      "code": "ms",
      "units": 300
    },
    {
      "value": 20.22,
      "code": "ia",
      "units": 300
    },
    {
      "value": 19.82,
      "code": "ar",
      "units": 300
    },
    {
      "value": 19.4,
      "code": "ok",
      "units": 300
    },
    {
      "value": 17.43,
      "code": "az",
      "units": 300
    },
    {
      "value": 16.01,
      "code": "co",
      "units": 300
    },
    {
      "value": 15.95,
      "code": "me",
      "units": 300
    },
    {
      "value": 13.76,
      "code": "or",
      "units": 300
    },
    {
      "value": 12.69,
      "code": "ks",
      "units": 300
    },
    {
      "value": 10.5,
      "code": "ut",
      "units": 300
    },
    {
      "value": 8.6,
      "code": "ne",
      "units": 300
    },
    {
      "value": 7.03,
      "code": "nv",
      "units": 300
    },
    {
      "value": 6.04,
      "code": "id",
      "units": 300
    },
    {
      "value": 5.79,
      "code": "nm",
      "units": 300
    },
    {
      "value": 3.84,
      "code": "sd",
      "units": 300
    },
    {
      "value": 3.59,
      "code": "nd",
      "units": 300
    },
    {
      "value": 2.39,
      "code": "mt",
      "units": 300
    },
    {
      "value": 1.96,
      "code": "wy",
      "units": 300
    },
    {
      "value": 0.42,
      "code": "ak",
      "units": 304
    }
  ]
}
